ID,Name,Severity,Status,Location,Branch,Message,Description,Line Span,CWE,Created Date,Closed Date,False Positive,False Positive Explanation
45ffbb72-0cfd-4eff-ab04-15f75e624de2,Hardcoded OpenAI Key,high,open,/app/frontend/src/services/api.ts,taskflow,This issue involves a hardcoded OpenAI API key in the exposed source code. The key is directly embedded; which makes it accessible to attackers. Such exposure can lead to unauthorized access and misuse of external services; compromising the overall security of the application.,Hardcoding an API key directly in the source code is a critical vulnerability. By exposing the OpenAI key in a public frontend application; any user or attacker can easily extract it. This exposure can lead to unauthorized API calls that could abuse the external service; resulting in compromised data integrity and potential misuse of resources. The vulnerability undermines secure authentication practices and poses a significant threat to the application’s security; making it imperative to securely manage secrets through environment variables or secure vault solutions.,3@@3,CWE-798,"8/8/2025, 3:30:11 PM",,False,The analysis indicates that the OpenAI secret key is hardcoded directly in production-level frontend code; where it is exposed to users. This poses a high risk because it allows attackers to extract and misuse the key; undermining external service security. Given that this key should be managed via secure environments and not shipped in the client bundle; this vulnerability is genuine and cannot be safely ignored.
de0567b4-4b73-4a35-bde5-c5d0b3f3c314,Unsafe InnerHTML,high,open,/app/frontend/src/components/tasks/TaskComments.tsx,taskflow,Rendering untrusted HTML via dangerouslySetInnerHTML without sanitization facilitates XSS vulnerabilities. This allows attackers to inject harmful scripts that can compromise user data and sessions. The absence of proper content validation further heightens the risk; making it a significant security concern.,This issue arises because the component directly injects user-provided content into the DOM via React's dangerouslySetInnerHTML attribute without sanitization or proper validation. This can result in cross-site scripting XSS vulnerabilities; as an attacker could inject malicious scripts that execute in the context of the authenticated user. The lack of proper content filtering and sanitization makes this a serious security risk; especially in collaborative platforms where user-generated content is common.,8@@8,CWE-79,"8/8/2025, 3:26:48 PM",,False,The TaskComments component directly injects untrusted user-generated content into the DOM using dangerouslySetInnerHTML without any sanitization; making it susceptible to XSS. The code is part of the main production codebase for TaskFlow; where user content is expected and such an omission can lead to severe exploits. Given the absence of any validation or sanitization logic; the vulnerability issue is valid and should not be ignored.
c184f984-40e5-44dc-8aaf-8048512445f3,Prompt Injection,high,open,/app/frontend/src/components/ai/AIAssistant.tsx,taskflow,This issue presents a high-risk logic flaw where user input is inappropriately merged into a system prompt; thereby exposing the system to prompt injection attacks. The vulnerability allows attackers to potentially inject harmful directives into the system message; causing unintended behavior. Such issues are critical because they enable execution of unauthorized commands or leakage of sensitive information.,This code creates a system prompt by combining raw user input with a base system prompt. Given that the system message is used as authoritative instructions for the language model; the concatenation of untrusted user input introduces a prompt injection vulnerability. An attacker could manipulate this mechanism by inserting malicious commands or altering the assistant’s intended behavior. Furthermore; such vulnerabilities are typically subtle as they stem from logic issues rather than overt security misconfigurations or traditional code injection flaws. This can result in execution of unauthorized operations or data leakage; and since the input is on the client side; it might be overlooked during code review processes.,13@@15,CWE-200,"8/8/2025, 3:25:17 PM",,False,The AIAssistant component directly concatenates unsanitized user input with a fixed system prompt; creating an exploitable prompt injection vulnerability. The dataflow flows from the user input in the interface to the prompt sent to the backend AI service with no sanitization; meaning an attacker can inject malicious commands. As this component is part of production code in a task management platform; it presents a genuine security risk rather than a false positive.
8233fc01-36d5-4149-a049-85e1ac029160,Plain Text Token Storage,high,open,/app/frontend/src/components/auth/AuthProvider.tsx,taskflow,Storing JWT tokens in localStorage poses a high risk due to the vulnerability to XSS attacks; which can lead to session hijacking and account compromise. The token is stored as plain text and is accessible from any script; including malicious ones. This could allow an attacker to gain unauthorized access to the user's session; thereby compromising the application. It is critical to use a more secure storage mechanism to prevent such risks.,Storing JWT tokens in localStorage creates a significant security vulnerability due to the exposure of sensitive authentication data in a client-accessible storage mechanism. If an attacker manages to run malicious JavaScript on the client side; for instance via an XSS attack; they can easily retrieve these tokens and impersonate legitimate users; leading to unauthorized access. The vulnerability is compounded by the persistence of data in plain text in localStorage; which makes remediation difficult unless the application is redesigned to use more secure cookie storage with the httpOnly flag or another secure storage mechanism. Additionally; the failure to mitigate potential script injections further increases the risk of session hijacking and full compromise of user accounts.,16@@16,CWE-200,"8/8/2025, 3:24:44 PM",,False,The vulnerability is in production authentication code that stores a JWT in localStorage; exposing it to potential XSS attacks. The data flow analysis confirms that sensitive tokens are handled insecurely without compensating security measures; making the risk real. Thus; this issue is not a false positive and should be addressed with more secure storage mechanisms.
2a6f3c10-18d0-4789-ade1-1a4161eefffb,Dangerous Module Enablement,high,open,/app/backend/src/utils/ai-config.ts,taskflow,Enabling these modules without proper controls grants excessive privileges that can be exploited for unauthorized data access; network attacks; and database manipulation. The vulnerability results from failing to enforce the principle of least privilege and the absence of validation mechanisms for module access. The risk is significant especially when used in larger interconnected systems.,The issue arises from enabling the Node.js core modules fs; net; and db for the AI tools without proper restrictions or validation. With unrestricted access to these sensitive modules; an attacker or a compromised AI tool could read or modify sensitive data; establish harmful external connections; and execute arbitrary queries on the database. This leads to an improper access control flaw that could result in escalated privileges and cascading security breaches if exploited.,1@@1,CWE-284,"8/8/2025, 3:24:41 PM",,False,The vulnerability is not a false positive as it originates in a production configuration file that blindly enables sensitive Node.js modules. The lack of restrictions and the connection to dangerous operations; such as unsanitized usage in an external command execution childprocess.exec in fileService; establishes a clear risk. Given that TaskFlow is a production system and the configuration could be exploited to access sensitive data or perform arbitrary operations; this is a valid security concern.
8eb3f4e6-06bf-4932-81c5-61621533bc7c,Hardcoded DB Credentials,high,open,/app/database/init.sql,taskflow,Hardcoding sensitive credentials directly in the source code presents a significant security risk. The credentials are exposed in plain text and can be easily exploited by attackers. This vulnerability compromises the integrity and confidentiality of the database by allowing unauthorized access; making it a critical issue that needs immediate attention.,The vulnerability arises because the database credentials are directly hardcoded in the source code; which exposes them to anyone with access to the repository. This practice makes it easy for attackers to obtain these credentials through automated scans; code leaks; or accidental exposure when the code is shared; thereby allowing unauthorized access to the database. The inclusion of the username and password in plain text violates the principle of least privilege and creates an easy avenue for privilege escalation; data exfiltration; and potential manipulation of the database. Given that attackers can directly leverage these credentials; it is imperative to secure them by using secure storage mechanisms or environment variables.,2@@3,"CWE-798, CWE-259","8/8/2025, 3:22:50 PM",,False,The vulnerability is genuine because the database initialization script hardcodes the credentials; which poses a security risk if the file is used in production. The file's context in a production database directory makes it critical. Hardcoded credentials violate security best practices and can lead to unauthorized access; making the issue adverse. Therefore; this vulnerability cannot be ignored and should be fixed by using secure storage mechanisms.
ea95141f-6933-47fa-9e7d-2847ba78cac9,Hardcoded JWT Secret,high,open,/app/backend/src/utils/jwt.ts,taskflow,Hardcoded JWT secret presents a critical risk as it allows attackers to produce forged tokens and bypass security controls. The use of a weak; hardcoded secret undermines secret management best practices; leaving the system vulnerable. Remediation requires dynamic and secure secret management.,The issue arises because the JWT secret is hardcoded directly into the code as 'default'. Hardcoding secrets means that if an attacker gains access to the code; they can easily retrieve this secret. This vulnerability can lead to token forgery where an attacker is able to create valid JWT tokens and bypass authentication mechanisms; thereby gaining unauthorized access.,9@@9,CWE-798,"8/8/2025, 3:22:13 PM",,False,The hardcoded JWT secret 'default' in a utility file intended for production use poses a critical risk. If not overridden by a secure secret via environment variables in the production environment; it allows attackers to forge valid tokens and bypass authentication. This vulnerability must be remediated; and therefore cannot be safely ignored.
f4044f9b-d5ae-42ef-8a47-0bd8e7faeff6,Hardcoded Refresh Secret,high,open,/app/backend/src/utils/jwt.ts,taskflow,The issue arises from using a hardcoded default value for the refresh token secret; which poses a serious security risk if the environment variable is not properly set. This default value can be easily exploited by attackers to forge valid refresh tokens and gain unauthorized access to sensitive parts of the system. It is crucial to enforce secure secret management practices and ensure that such hardcoding is removed to prevent potential breaches.,The code explicitly sets a refresh token secret by defaulting to a hardcoded string if the required environment variable is not provided. This introduces a serious vulnerability because if the configuration is incomplete or misconfigured; an attacker could potentially use the known fallback secret to forge refresh tokens. Such an exploit could allow unauthorized generation of tokens that bypass proper authentication processes.  Furthermore; the fallback to a hardcoded secret violates best practices for secret management. Secrets should never be embedded directly within the source code because any exposure of the code could compromise the entire system. Best practices dictate that all secrets must be stored and retrieved securely; typically via environment variables or dedicated secret management systems; minimizing the risk of exploitation and ensuring stronger security posture.,13@@13,CWE-798,"8/8/2025, 3:22:13 PM",,False,The utility code is used in production to generate and verify tokens; and the use of a hardcoded fallback refresh token secret directly impacts security. If an environment variable is missing; attackers might exploit this weakness by forging tokens. The analysis of both the code and project context confirms this as a genuine high-risk issue rather than a false positive.
ca40338d-79dc-4342-9718-1e4c8562d854,Missing JWT Verification,high,open,/app/backend/src/utils/jwt.ts,taskflow,The function employs jwt.decode which fails to verify the signature of the JWT token; thereby allowing attackers to create forged tokens. Due to the lack of signature verification; the integrity of the JWT is compromised; putting the system at risk of unauthorized access.,The verifyAccessToken function fails to verify the JWT token's signature; allowing the possibility of token forgery and unauthorized access. Without proper signature validation using jwt.verify; for example; attackers can craft arbitrary tokens that will be accepted as valid; leading to significant security risks including unauthorized access and potential privilege escalation. The use of jwt.decode here essentially bypasses the validation process; highlighting a critical flaw in the authentication mechanism.,32@@32,CWE-327,"8/8/2025, 3:22:13 PM",,False,The verifyAccessToken function using jwt.decode is a genuine security risk as it fails to verify the JWT token's signature; potentially allowing attackers to forge tokens. This function being part of production-level code in the utility directory means that the vulnerability could be exploited; making it a significant issue that cannot be safely ignored.
4a4709ad-7f6a-4601-a3a9-e5f7744b00f5,Dynamic Require,critical,open,/app/backend/src/utils/ai-plugins.ts,taskflow,This vulnerability involves an unvalidated dynamic require which can load and execute attacker-supplied modules; leading to arbitrary code execution. The lack of input validation or sanitization leaves the system highly vulnerable; and it may lead to full system compromise if exploited.,"The issue arises from the use of a dynamic require call without validating the """"name"""" variable; allowing an attacker to specify a plugin name that points to arbitrary code on the file system. This can lead to the execution of malicious code as the plugin's run function is subsequently called; causing a potential complete system compromise through arbitrary code execution. It is critical that developers validate or sanitize external inputs before using them in module loading functions to avoid such severe vulnerabilities.",5@@6,CWE-94,"8/8/2025, 3:20:02 PM",,False,The dynamic require usage on an unsanitized 'name' parameter is a genuine security risk; as it can be exploited to load arbitrary code. Its inclusion in production utility code further increases the risk. Without proper input validation or sanitization; this vulnerability exposes the system to arbitrary code execution; and there is no contextual evidence suggesting it is a false positive.
d62db618-093e-4e2b-88f9-d326d56dea3a,Secret Exposure Risk,high,open,/app/backend/src/utils/ai-integration.ts,taskflow,The environment-based secret is being directly passed to an external service; which can lead to credential leakage. This practice violates the principle of least privilege and exposes the secret to potential interception or misuse. The approach significantly increases the risk of unauthorized access and usage. Remediation should involve never transmitting sensitive keys to untrusted endpoints and ensuring secrets are handled securely.,This vulnerability involves sending a sensitive credential the OpenAI API key from the environment directly to an external destination. The code serializes the key into a JSON object and includes it in the request body to a third-party URL; potentially exposing the key to interception; misuse; or unauthorized access. Such practices violate secure coding principles like the principle of least privilege and may lead to severe impacts if the third-party endpoint is compromised. Developers should never transmit secrets to untrusted endpoints as it significantly raises the risk of credential leakage and subsequent exploitation.,4@@5,"CWE-798, CWE-200","8/8/2025, 3:19:13 PM",,False,The code directly sends a sensitive API key to an external endpoint provided as a parameter; which creates a serious risk of credential leakage. The dataflow indicates no protection or validation is applied to prevent misuse. Given the production context of this utility in a full-stack platform; this vulnerability has the potential for exploitation and should be addressed rather than ignored.
1ac9df38-36a5-4848-9fb5-c7cfe55ad23d,Missing Auth Checks,high,open,/app/backend/src/services/userService.ts,taskflow,The updateUser function allows an attacker to modify sensitive user information without proper authorization checks. The lack of role or ownership verification opens the door to privilege escalation; data tampering; and unauthorized access to personal data. Given that this vulnerability can affect critical information such as SSNs and credit card details; it represents a high-risk threat that must be addressed promptly.,The updateUser function is vulnerable because it fails to perform any authorization checks before allowing modifications to a user record. This oversight permits any authenticated entity with access to the method to update sensitive fields; including personally identifiable information such as SSNs and credit card details. Without verifying whether the caller is authorized to modify the target user; this vulnerability could allow privilege escalation; enabling attackers to tamper with or compromise user data. In a broader security context; such flaws can lead to a breach of data integrity and confidentiality; risking widespread misuse if exploited.,20@@46,CWE-284,"8/8/2025, 3:17:54 PM",,False,The updateUser function processes untrusted input including personally identifiable information without validating user authorization. There are no signs of additional security layers such as middleware or route-based auth checks mitigating this risk; and the file context indicates that it is production code. Thus; the lack of authorization checks presents a valid high-severity vulnerability that must be addressed.
ce1d8d93-0f1d-4282-99d3-aecafdf50128,IDOR Vulnerability,high,open,/app/backend/src/services/userService.ts,taskflow,The function retrieves user records based solely on the supplied identifier; without verifying the requester's access rights. This leaves the application susceptible to IDOR attacks where attackers can enumerate or guess user IDs to access sensitive data. Proper authorization checks must be implemented to ensure that users only access their own information.,The getUserById function presents an Insecure Direct Object Reference IDOR vulnerability as it allows access to arbitrary user information by directly using input identifiers to retrieve user records. Without validating that the requesting user is indeed authorized to access the specific user data for example; ownership or appropriate permission checks; an attacker can sequentially or predictably guess user IDs to collect sensitive data. This vulnerability poses a significant risk to user confidentiality and privacy as it potentially exposes private information across the database.,11@@18,CWE-639,"8/8/2025, 3:17:54 PM",,False,The getUserById function directly uses unvalidated input to fetch user records; leading to an Insecure Direct Object Reference vulnerability. There is no evidence within the function or supporting code that authorizes the requester or validates whether the requesting user should access the specified user's data; which means that an attacker could potentially exploit this by guessing user IDs. The file resides in a production service context; and as such; this vulnerability represents a real security risk rather than a false positive.
bb6d19c6-836f-4c88-aa51-3dcd0cc3fce8,Missing Auth Check,high,open,/app/backend/src/services/taskService.ts,taskflow,The vulnerability allows unauthorized access to task details due to a missing permission check. This could result in sensitive data being exposed and exploited. Correcting this issue by adding an authorization flow is critical.,The getTaskById method retrieves task details based solely on the task ID provided without verifying if the requesting user is authorized to access that task. This lack of proper authorization results in an Insecure Direct Object Reference IDOR vulnerability. An attacker could potentially enumerate or guess task IDs; thereby obtaining sensitive task details including description; assignee information; and project context. The vulnerability is compounded by returning the full task object; which could include restricted fields. Implementing a robust authorization check is necessary to ensure only authorized users have access to task details and sensitive information.,62@@68,"CWE-639, CWE-284","8/8/2025, 3:17:16 PM",,False,The getTaskById method in TaskService retrieves task details without any authorization checks; making it susceptible to an IDOR vulnerability. An attacker could manipulate task IDs to retrieve sensitive information; and the absence of a verification step that compares the task's associated users with the requesting user makes this issue a real security risk. Given the production context and the critical nature of task management in the TaskFlow application; this vulnerability cannot be safely ignored.
7e4b0cda-ced2-4e77-9a0a-7f412f3e8dcc,Unauthorized Task Join,high,open,/app/backend/src/services/socketService.ts,taskflow,The event handler for 'join-task' permits any authenticated user to join any task room without verifying membership eligibility. This creates opportunities for unauthorized access to sensitive data. Improper authorization measures lead to potential data leakage and security breaches.,The code allows any authenticated user to join a task room without verifying if the user is a legitimate member of the required project or task. This oversight creates a vulnerability where unauthorized users may subscribe to sensitive real-time updates; potentially accessing confidential task-related data such as comments; file changes; or other project details.  Such bypassing of membership validation violates the principles of least privilege and proper authorization. The vulnerability is a classic case of improper authorization; which can facilitate data leakage and unauthorized data manipulation; leading to broader security risks within the system.,67@@73,CWE-285,"8/8/2025, 3:16:02 PM",,False,The vulnerability is not a false positive. The SocketService's 'join-task' event handler allows an authenticated user to join a task room without confirming that the user is authorized to access that particular task. This is particularly concerning given that the analogous 'join-project' handler implements a membership check; indicating that task access should similarly be validated. Given the production context of the file in a critical service in TaskFlow; this vulnerability could be exploited to access sensitive task-related updates without proper authorization.
9cb50cdc-de2e-40d7-842f-37e7da3ee374,Auth Bypass Delete,critical,open,/app/backend/src/services/projectService.ts,taskflow,The issue is a critical vulnerability because it allows unauthorized deletion of projects. The code erroneously refers to an undefined property; causing the authorization check to always pass. This results in a complete bypass of the intended access control mechanism; leading to severe security risks such as data loss and privilege escalation.,The deleteProject function contains an authorization bypass due to a mismatch in property names. The function mistakenly checks project.ownerid even though the correct property is project.ownerId; which is set using camelCase by the ProjectModel. This error results in the condition always evaluating to true; thereby allowing any authenticated user to delete any project. The direct consequence of this vulnerability is that it undermines the access control mechanism; potentially leading to unauthorized access; data loss; and privilege escalation. Given that access controls are critical in protecting resources; this vulnerability represents a high security risk.,91@@93,CWE-284,"8/8/2025, 3:15:37 PM",,False,The vulnerability is real because deleteProject incorrectly compares userId to an undefined project.ownerid property instead of the correct camelCase project.ownerId. The code is in production-level logic for sensitive operations such as deletion; meaning an attacker could bypass authorization checks. The analysis confirms that input flows are not mitigated by other security measures; so this issue represents a genuine critical vulnerability and should be addressed.
bce88eb3-04ff-4d8f-9272-a0bb813699b0,Dynamic Code Injection,critical,open,/app/backend/src/services/searchService.ts,taskflow,Untrusted input is directly used to dynamically construct a new Function; which leads to arbitrary code execution and potential system compromise. The approach lacks proper input sanitation; allowing attackers to inject and execute malicious code. This vulnerability can lead to data breaches; state modifications; and extensive damage in environments with elevated privileges.,The code dynamically creates a JavaScript function using the new Function constructor based on unsanitized user input. An attacker can inject arbitrary JavaScript code since the input is not validated or sanitized. This allows the attacker to execute arbitrary code within the server process; which could lead to a compromise of data; unauthorized state modifications; or even complete system takeover if elevated permissions are available. The vulnerability is especially critical in Node.js environments where code execution can lead to severe system-wide impacts.,5@@5,CWE-94,"8/8/2025, 3:15:09 PM",,False,The vulnerability involves dynamically constructing a new function using unsanitized user input; which is a concrete risk for arbitrary code execution in a production environment. The vulnerable code is located in a core service that likely processes external input; and there is no indication of mitigating defenses such as input validation or sanitization. As a result; this is not a false positive; and the risk is significant given the critical nature of the functionality.
03e694c1-9cb3-4ffb-9135-8d529e0a56d5,Command Injection,high,open,/app/backend/src/services/fileService.ts,taskflow,This issue arises from using childprocess.exec with unsanitized user input; allowing command injection. The direct interpolation of file path into the command makes it vulnerable to exploitation; potentially leading to remote code execution. The vulnerability demands immediate remediation through proper sanitization and input validation.,The code uses the childprocess.exec function to run a shell command which includes the file path supplied directly by the user. Because the file path is not properly sanitized; an attacker can manipulate the input to include shell metacharacters; potentially executing arbitrary commands on the server. This unsanitized interpolation leads to a command injection vulnerability; where an attacker could execute malicious commands remotely; thereby compromising the system. The vulnerability is particularly dangerous as it allows an attacker to gain remote code execution privileges without further barriers.,55@@55,CWE-78,"8/8/2025, 3:14:17 PM",,False,The vulnerability is genuine because the unsanitized file path from the uploaded file is interpolated directly into a shell command; making it susceptible to command injection. Since this code is part of the production file service and there is no sanitization applied; an attacker with control over the file upload could inject harmful shell commands; leading to remote code execution. Therefore; this issue should be addressed rather than safely ignored.
1e2dc3b6-45ef-4528-b8bc-5af247bbde94,Unescaped HTML,medium,open,/app/backend/src/services/emailService.ts,taskflow,The code is vulnerable to XSS because it directly uses the raw HTML content provided without any sanitization or escaping. Attackers could insert harmful scripts or phishing links; which are executed when the email is viewed. This poses a significant risk of data compromise and phishing attacks.,The email service code accepts raw HTML content from the options.html property without any sanitization or escaping. This means that if an attacker can supply a malicious payload; such as embedded scripts or phishing links; it will be rendered directly in users’ email clients. The unsanitized content provides an avenue for cross-site scripting XSS and phishing attacks because modern email clients often render HTML content faithfully. As a result; attackers may exploit this vulnerability to compromise user data or deliver malicious content without detection.,80@@80,CWE-79,"8/8/2025, 3:13:42 PM",,False,The unsanitized HTML input in the sendEmail method represents a genuine security risk. Although the system predominantly uses controlled templates for constructing emails; the fact that the method is capable of handling raw HTML—without any sanitization—means that; if misused; it could lead to cross-site scripting or phishing risks in email clients. The potential for external exploitation validates the vulnerability as not a false positive.
be88f6d4-987c-49b6-9629-6aa0ea31a21c,Auth Enumeration,high,open,/app/backend/src/services/authService.ts,taskflow,The login endpoint returns detailed error messages that differentiate between a non-existent user and an incorrect password. This enables attackers to determine if an email address is registered and active. Such information disclosure can be exploited for account enumeration and leads to increased risk of subsequent attacks.,The code snippet reveals detailed error messages at multiple steps. Initially; when checking if a user exists or if the account is active; and later when validating the password; discrete errors are returned based on the outcome. This allows an attacker to determine whether an email address is registered and active by observing the error message; thereby facilitating account enumeration attacks. Due to this behavior; the application inadvertently discloses sensitive information that could be further exploited in various attack scenarios; such as brute force or credential stuffing attacks.  Furthermore; the design flaw violates the principle of not exposing internal logic to external clients. Standard best practices advocate for returning a generic error message that does not differentiate between non-existent users and incorrect passwords. This limitation increases the risk of automated attacks by enabling an attacker to build a reliable list of valid user accounts and profiles for further exploitation.,54@@64,CWE-200,"8/8/2025, 3:12:36 PM",,False,The code in AuthService exposes distinct error messages for different failure conditions; which facilitates account enumeration. The service is used in production authentication flows; making the vulnerability exploitable. This issue clearly violates the principle of not revealing internal state; so it cannot be safely ignored.
425898da-9064-4a8d-84d6-9e55e5b28774,Prompt Injection,high,open,/app/backend/src/services/aiService.ts,taskflow,This vulnerability exists because the LLM prompt is constructed by directly interpolating unsanitized user-provided input into the prompt string without any validation. It creates a risk of prompt injection; enabling attackers to manipulate the LLM's output. The issue is significant as the LLM output is trusted without additional checks; which could lead to severe security and privacy breaches.,The code dynamically constructs a prompt string for an LLM by interpolating various parameters; including the user-provided description; directly into the prompt. This practice is dangerous as it can result in prompt injection. Attackers could supply malicious input in the description that manipulates the behavior of the LLM; potentially bypassing security restrictions or causing it to generate undesirable output. The method does not perform any sanitization or escaping of the description parameter; making it vulnerable to injection. This vulnerability can potentially result in data leakage; policy breaches; or compromised system behavior when the LLM operates based on manipulated instructions.,102@@107,CWE-20,"8/8/2025, 3:11:36 PM",,False,The code in generateTaskSuggestions directly interpolates user-supplied input into an LLM prompt without sanitization. This unsanitized input means that an attacker could potentially perform prompt injection; manipulating the LLM's responses; compromising security and the integrity of the system. The file is part of the production service; and there are no apparent safeguards or validations in place to mitigate this risk; therefore; this is a genuine vulnerability rather than a false positive.
c739a666-3a50-4f2d-a28c-ec5c2a48a943,IDOR Exposure,high,open,/app/backend/src/routes/users.ts,taskflow,The vulnerability arises from insufficient access control; allowing any authenticated user to access other users' sensitive data. The IDOR issue could lead to severe data breaches and privacy violations; necessitating immediate remediation. It demonstrates a lack of proper security posture in route handling.,This code snippet defines a GET route that allows any authenticated user to fetch details of any user simply by providing a user ID. The absence of access control or ownership verification mechanisms results in an insecure direct object reference IDOR vulnerability. This vulnerability occurs because the system does not check whether the requester has permission to access the specified user's data; exposing sensitive information and leading to privacy violations. Additionally; the lack of role-based checks can allow attackers to exploit this flaw and perform unauthorized data access; increasing both the risk and impact of the vulnerability.,17@@17,CWE-639,"8/8/2025, 3:10:22 PM",,False,The issue is a true vulnerability. The GET route in the production code allows any authenticated user to fetch any user's details without ensuring that the requester is authorized to access that specific user’s data. This insecure direct object reference IDOR risk is due to the absence of proper access control logic in getUserById; confirming that the vulnerability should not be safely ignored.
ee7c348d-3264-4cc4-80b4-9f87963ab545,Role Update Flaw,high,open,/app/backend/src/routes/users.ts,taskflow,This endpoint allows role changes without proper administrative checks; leading to potential privilege escalation. The absence of a role verification mechanism means attackers can alter permissions at will. Such an exploit could enable unauthorized users to gain elevated privileges. The vulnerability undermines the core security principle of least privilege; making it a significant risk to the system.,This vulnerability occurs because the endpoint defined by router.put'/:id/role'; authenticateToken; updateUserRole; permits any authenticated user to update any user's role without verifying administrative privileges. Without strict privilege verification; attackers or misbehaving users could change user roles to escalate their permissions or degrade others' access levels. The lack of an admin check in this function violates the principle of least privilege and exposes the system to unauthorized modifications. This oversight is particularly risky in multi-user environments where role integrity is paramount for security.,19@@19,CWE-269,"8/8/2025, 3:10:22 PM",,False,The vulnerability is not a false positive because; in the updateUserRole function; the endpoint lacks an administrative check and relies solely on an authentication token; allowing any authenticated user to update roles. Even though the role value is validated against a predefined list; there is no check to ensure that only administrators can perform role changes. This exposes the system to privilege escalation; and given its production usage in a critical path within TaskFlow; it represents a genuine security risk.
9b7891f3-d062-4e6e-a324-83e1a11819d3,Unvalidated External Request,high,open,/app/backend/src/routes/webhooks.ts,taskflow,The /fetch endpoint improperly transmits unsanitized user input to the external request system; enabling SSRF attacks. This allows an attacker to potentially access internal network resources and sensitive services. The vulnerability is critical because it opens the door for severe internal breaches; misuse; and potential data exfiltration.,This vulnerability arises because the /fetch endpoint directly passes client-supplied URLs to the server's fetch function without any validation or sanitization. As a result; an attacker can manipulate the URL parameter to force the server to make unwanted requests to internal or sensitive resources. This lack of input inspection allows the exploitation of Server-Side Request Forgery SSRF; potentially leading to unauthorized access to protected internal systems or services. The absence of proper input validation not only exposes internal network infrastructure but also risks potential information disclosure; privilege escalation; and can lead to serious breaches in network security.,20@@23,CWE-918,"8/8/2025, 3:09:59 PM",,False,The GET /fetch endpoint directly passes a client-supplied URL to the fetch function without validation; creating a risk for SSRF that allows attackers to potentially access internal resources. The lack of proper input sanitization or authentication on this endpoint implies that it is a production endpoint and not test or example code. This vulnerability is effectively exploitable and represents a real security risk.
1de37fee-566f-48da-8df2-111416a3a66a,Arbitrary Code Exec,critical,open,/app/backend/src/routes/webhooks.ts,taskflow,The endpoint allows clients to inject and execute arbitrary code on the server leading to potential system compromise. This happens due to the unsafe use of JSON.parse and the Function constructor. This vulnerability; if exploited; can lead to critical security breaches.,The /generic-eval endpoint is vulnerable because it parses and executes code from a client-supplied JSON payload. Using the Function constructor allows an attacker to inject and execute arbitrary JavaScript; potentially leading to remote code execution; system compromise; data leakage; or other harmful consequences. This vulnerability is particularly dangerous because the dynamic nature of the code execution prevents static analysis from reliably detecting malicious input. The exploitability is high given the ease with which an attacker can manipulate the input; making this an extremely serious security issue.,25@@30,CWE-94,"8/8/2025, 3:09:59 PM",,False,The /generic-eval endpoint directly parses and executes code from client-provided input without any sanitization or authentication checks; making it highly vulnerable to arbitrary code execution. This is a production endpoint in the route-based source file; which further increases the severity of the issue. As such; the vulnerability is valid and cannot be safely ignored.
a15cd1c4-69a0-4b68-82d2-4504f1243166,Command Injection,critical,open,/app/backend/src/routes/ai.ts,taskflow,This endpoint permits command injection by executing commands generated from AI service responses without sanitization. The direct use of childprocess.exec on unsanitized inputs leaves the system vulnerable to arbitrary command execution. Such exploitation can result in complete system compromise; making it a critical security flaw.,The issue is located in the '/execute-commands' endpoint; where the code retrieves user messages and sends them to an AI service; whose response is then split into lines with each line being executed as a shell command. This command execution is performed using childprocess.exec; and the lack of input validation or sanitization directly exposes the server to command injection attacks. An attacker could potentially craft inputs that cause the AI service to output malicious shell commands; leading to remote code execution; system compromise; and unauthorized access to sensitive data. This vulnerability is highly dangerous because it leverages the AI's generated output without verifying its safety; ultimately allowing arbitrary commands to be executed with the privileges of the hosting server.,37@@43,CWE-78,"8/8/2025, 3:07:23 PM",,False,The vulnerability allowing command injection in the '/execute-commands' endpoint is not a false positive. The code processes untrusted inputs and forwards them to an AI service whose output is executed as shell commands without sanitization; leading to a critical risk of arbitrary command execution. Given that the endpoint is part of the production code with real-world impact; this vulnerability is exploitable and should be addressed with high priority.
a9dd59e9-e20a-494d-a2bd-c6c79d11b12e,Arbitrary Code Execution,critical,open,/app/backend/src/routes/ai.ts,taskflow,The vulnerability is critical due to the direct execution of potentially untrusted JavaScript code; which could lead to arbitrary code execution. The lack of proper input validation means the system is exposed to various attacks. This presents a severe security risk that requires immediate attention and remediation.,This issue presents a significant security vulnerability by taking AI-generated JavaScript code and executing it without any validation or sanitization. The use of the Function constructor to execute code directly means that any malicious payload; if crafted by an attacker through manipulated messages or compromised AI output; would run with complete privileges of the Node.js process. This could result in arbitrary code execution; and further compromise the system by allowing data exfiltration; privilege escalation; or complete service takeover.,22@@28,CWE-94,"8/8/2025, 3:07:23 PM",,False,The vulnerability is genuine because the AI-generated code is executed without any sanitization. The code’s use of the Function constructor with untrusted input can lead to arbitrary code execution; making this a severe security risk. This is evident in production code within the routes directory and demonstrates a clear dataflow from unvalidated user input to a dangerous sink; confirming the vulnerability is true and must be remediated.
f4fd3bbf-37db-41cb-adde-669ee3b22273,Unauthorized File Creation,high,open,/app/backend/src/models/File.ts,taskflow,This issue highlights that the create method does not perform any authorization checks on the 'uploadedBy' field; which can lead to serious security breaches. An attacker could abuse this by uploading files under a different user’s identity; leading to privilege escalation and unauthorized access. The oversight may result in unauthorized file creation and significant impact to the system integrity; making it a high severity vulnerability.,The method 'create' accepts an 'uploadedBy' parameter without performing any authorization checks to verify that the caller is permitted to upload files on behalf of a user account. This shortcoming exposes the application to a potential security risk where an attacker could intentionally supply a manipulated 'uploadedBy' value. Consequently; the lack of proper validation and authorization enables privilege escalation where an attacker could impersonate other users and perform unauthorized file creation. This security flaw; if exploited; may result in data tampering or the misuse of privileged accounts; thus compromising the integrity of the system; hence necessitating immediate remediation by integrating authorization checks and proper user validations.,5@@27,CWE-284,"8/8/2025, 3:04:47 PM",,False,The vulnerability in the create method is not a false positive because it directly accepts and writes the 'uploadedBy' parameter to the database without ensuring that the caller is authorized to act on behalf of the specified user. This creates an opportunity for privilege escalation if the API is not secured by additional authorization checks elsewhere. Thus; unless there is strong evidence of higher-level safeguards that enforce user validations before calling this method; the issue is genuine and requires remediation.
daa72cf7-95e7-4822-b27d-fceece165cb3,Unauthorized Detailed Retrieval,high,open,/app/backend/src/models/File.ts,taskflow,The function lacks proper authorization controls; allowing users to retrieve sensitive data. Unauthorized users may access detailed personal and project information due to this flaw. This creates significant risks of data leakage and potential data misuse; highlighting a critical security vulnerability that must be addressed promptly.,The function findWithDetails attempts to return detailed file information by fetching data from multiple sources; including file records; uploader details; task information; and project names. The absence of any access control or authorization check in this method allows an unauthorized user to retrieve sensitive data; leading to a significant breach of confidentiality.   Moreover; the method exposes not only identifiers but also sensitive personal information such as uploader email and project details; which can be exploited to conduct further targeted attacks. These vulnerabilities collectively indicate a severe oversight in the data access flow which could be harmful if exploited in a production environment. This issue requires immediate remediation to enforce proper authorization checks before providing any user-specific or sensitive information.,61@@78,CWE-284,"8/8/2025, 3:04:47 PM",,False,The findWithDetails function directly uses the 'id' parameter from an external source without any accompanying authorization check before executing a SQL query to retrieve sensitive information. Even if higher-level routing or API controllers enforce access control; the lack of checks in this function makes it vulnerable if misused; thereby marking it as a real vulnerability; not a false positive.
8db0b3da-2b62-48b5-a9d2-43e1e2e44668,Unauthorized Access Issue,high,open,/app/backend/src/models/File.ts,taskflow,The vulnerability arises because the findById method lacks proper authentication and authorization checks. Without these checks; any user can request file data merely by guessing or enumerating file IDs; leading to unauthorized access and possible data leakage. This represents a serious security flaw that can have substantial implications if exploited by an attacker.,The code snippet is problematic because it uses an unauthenticated findById method; which simply retrieves a file record based solely on its identifier without performing any authorization checks. This allows an attacker to iterate through file IDs; potentially accessing metadata or information for files that they are not permitted to view. Such a vulnerability could lead to significant data exposure since it fails to verify that the requesting user actually owns the resource being queried.,29@@31,CWE-284,"8/8/2025, 3:04:47 PM",,False,The findById function in FileModel accepts an unverified file identifier and directly queries the database without any checks to ensure the requesting user is authorized to access the file. Given that this code is part of the production logic and lacks any built-in authorization mechanisms; it remains vulnerable to unauthorized access; as per CWE-284. Thus; the vulnerability is genuine and should be addressed to prevent potential data exposure.
aee34d9d-ccd1-4f19-ac53-226d9c2a4ed5,Auth Bypass In Tasks,high,open,/app/backend/src/models/Task.ts,taskflow,The code builds an authorization filter; but fails to apply it; leading to unauthorized data exposure. The constructed where clause is ignored in favor of a less restrictive query; exposing tasks to any user. This gap in the logic corresponds to CWE-284 and represents a high severity vulnerability that must be addressed immediately.,The code intends to enforce access control by restricting the tasks query using a dynamically built where clause filtering project membership and additional filter criteria. However; this where clause and its parameters are never applied to the actual query; where a separate SQL statement is executed instead. This oversight leads to authenticated users being able to retrieve tasks irrespective of their membership; thereby exposing data that should be restricted. The flaw directly corresponds to CWE-284; where insufficient authentication and authorization checks are implemented; causing a significant security risk.,119@@150,CWE-284,"8/8/2025, 3:04:46 PM",,False,The vulnerability is real: the searchTasks function builds an authorization filter but never applies it; instead constructing a SQL query that directly interpolates untrusted input; thereby bypassing intended access restrictions. The code is part of production-level logic in a team task management platform; and the behavior represents an exploitable authorization bypass; consistent with CWE-284. Therefore; this issue must be addressed and is not a false positive.
1d709d80-cc2a-47f6-a14b-855f37e0244a,SQL Injection,critical,open,/app/backend/src/models/Task.ts,taskflow,This SQL injection vulnerability in searchTasks allows an attacker to inject arbitrary SQL; potentially leading to unauthorized data access or modifications. The lack of parameterization while constructing the SQL query using interpolation of user input makes the code susceptible to SQL injection attacks. Adequate input sanitization and parameterized queries are recommended to remediate this vulnerability.,The issue in the provided code arises from directly interpolating the user-controlled input 'searchTerm' into the SQL query string instead of using parameterized queries. This introduces a SQL injection vulnerability that can allow an attacker to modify the structure of the SQL statement by supplying malicious input. As a result; an attacker could potentially read; modify; or delete sensitive data from the database. The root cause here is the absence of proper input sanitization or parameter binding when constructing the SQL query; marking it as a serious security flaw in the searchTasks method.,149@@150,CWE-89,"8/8/2025, 3:04:46 PM",,False,The searchTasks method directly interpolates the user input into the SQL query without proper parameterization; making it vulnerable to SQL injection. The file is part of the production code for a task management system; indicating that this vulnerability is both exploitable and impactful. The constructed SQL query does not make use of safe parameterized queries; and the vulnerability is reachable by untrusted input; confirming that it is not a false positive.
d59baa9c-fb82-4445-8544-09a43ed2c7f4,Role Injection,high,open,/app/backend/src/models/User.ts,taskflow,This vulnerability shows that the create method accepts a role parameter which is taken directly from user input and stored in the database without any security checks. The lack of validation allows an attacker to assign elevated privileges by supplying an unauthorized role; leading to potential breaches of system security. The code does not prevent such privilege escalation; leading to significant authorization flaws. This situation requires a re-evaluation of access controls; ensuring that only authorized roles are assigned to users.,The vulnerability arises because the create method directly accepts a role parameter from the client and assigns it to the user record in the database without adequate validation. This allows an attacker to submit an arbitrary role value; such as 'admin'; to gain higher privileges; thereby violating the least privilege requirement. Without restrictions or verification on this field; attackers can leverage this flaw to escalate privileges; potentially compromising the entire system. The vulnerability highlights a classic case of improper authorization; which could lead to significant security breaches and indicates the need for stricter control and sanitization mechanisms in role-based access assignments.,6@@21,CWE-269,"8/8/2025, 3:04:21 PM",,False,The vulnerability in the create method is genuine. Although the role parameter is theoretically limited by TypeScript to specific string literals; this restriction is only at the compile time and not enforced at runtime. This; compounded by the fact that the role value is directly inserted into the database; makes it a potential privilege escalation risk in a production environment. There is no additional mitigation in the code or evidenced by security policies to offset the risk; leading to a high-confidence determination that this is not a false positive.
906d15bf-7ff9-40b0-bff5-98dd495c47f7,MIME Type Spoofing,high,open,/app/backend/src/middleware/upload.ts,taskflow,The fileFilter implementation is vulnerable due to its reliance on client-supplied MIME types for file validation. This approach can be exploited by attackers to upload malicious files disguised as safe file types. The code also retains dangerous file extensions; which can lead to the execution of malicious scripts if the uploaded file is accessed through a public directory.,This vulnerability arises from the fact that the fileFilter function relies solely on the MIME type provided by the client to validate file uploads. Since MIME types can be easily spoofed by an attacker; the function can be tricked into allowing the upload of potentially malicious files. Furthermore; the code does not sanitize or modify the file extension which may expose the system to additional risks if dangerous file types such as .php or .js are executed on the server or in a web accessible directory. Without additional checks using server-side content validation or file inspection; this flaw could lead to the arbitrary execution of uploaded code or manipulation of application behavior.  In addition to MIME type spoofing; the design of the fileFilter does not enforce strong control measures to guard against content spoofing; which further increases the risk profile of this implementation. A robust file upload mechanism should incorporate additional validation such as file signature checks; file size restrictions; and ideally; store uploaded files outside of the web-accessible directories to mitigate the exploitation risk of this vulnerability.,20@@42,CWE-20,"8/8/2025, 3:02:36 PM",,False,The vulnerability is real because the fileFilter function relies solely on client-supplied MIME types and does not sanitize the file extension in the storage configuration. This allows an attacker to spoof an allowed MIME type while retaining a dangerous extension; and because the file is stored in a potentially web-accessible directory; it may lead to code execution or other malicious behavior. There are no additional server-side validation measures or compensating controls in place to mitigate this risk.
4f14087b-2b7a-41c2-aa75-7b7865efd6a6,Uncontrolled File Size,high,open,/app/backend/src/middleware/upload.ts,taskflow,The file size limit is compromised when a non-numeric value is provided to the MAXFILESIZE environment variable. This leads to unrestricted file uploads since Multer treats NaN as no limit. Effective validation is required to mitigate this potential threat.,This vulnerability occurs because the MAXFILESIZE environment variable is parsed using parseInt without proper validation. An attacker can set this variable to a non-numeric string; resulting in NaN; and then Multer's fileSize limit becomes ineffective. This leads to a situation where there is no enforced limit on file upload sizes; potentially causing uncontrolled resource consumption and even denial-of-service conditions due to resource exhaustion. Proper validation of input values should be implemented to mitigate this risk.,6@@7,CWE-400,"8/8/2025, 3:02:36 PM",,False,The analysis confirms that the use of parseInt without thorough validation on the MAXFILESIZE environment variable can lead to unintended behavior; such as an ineffective file size limit when a non-numeric value is provided. This misconfiguration could be exploited or lead to accidental vulnerability resulting in uncontrolled file uploads and potential denial-of-service conditions. Because this middleware is used as part of the production upload functionality and no safeguards or input validations exist; the vulnerability is valid and cannot be safely ignored.
d624a428-f5ae-49f9-9d93-2be5283d6826,Sensitive Logging,high,open,/app/backend/src/middleware/logging.ts,taskflow,The logging middleware logs full URLs including query parameters which might contain sensitive user data. This issue can expose confidential information if the logs are accessed by unauthorized users; and it violates privacy principles. Logging sensitive data in this manner increases the risk of data breaches and non-compliance with security standards.,The middleware function logs full request URLs which may include highly sensitive information such as authentication tokens; passwords; or personal identifiers in the query parameters. This information is written directly to the log files; thereby potentially exposing confidential data if unauthorized individuals gain access to these logs. Moreover; storing unfiltered sensitive information violates the principle of least privilege and can lead to privacy breaches and possible credential compromise.,4@@22,CWE-200,"8/8/2025, 3:02:23 PM",,False,The logging middleware directly logs untrusted user data req.originalUrl including query parameters; with no evidence of sanitization or filtering. Given its production code context and the risk of logging sensitive data; the vulnerability is valid and should not be considered a false positive.
2d27e702-e595-4d53-ba63-e81c75527f1d,Unvalidated Update Input,medium,open,/app/backend/src/controllers/taskController.ts,taskflow,An unvalidated task update endpoint exists that accepts all input fields from the client without proper validation. This issue may lead to injection attacks or corruption of task data; causing potential runtime errors and unexpected behavior. The implication is a risk to data integrity and application security due to the absence of input sanitization.,The identified issue involves an unvalidated update endpoint where all fields from the request body are directly passed into the updateTask service without validation. This could allow malicious input; which can lead to injection attacks or data corruption if an attacker manipulates the input fields. The risks include potential injection of harmful data; unexpected runtime errors from malformed input; and compromise of application integrity.,78@@94,CWE-20,"8/8/2025, 3:01:22 PM",,False,The updateTask endpoint accepts multiple unvalidated fields directly from the client and passes them to the TaskService without sanitization. This unvalidated input flow is susceptible to injection attacks and data integrity issues; especially because the endpoint is actively used in production for task updates. Therefore; despite the existence of basic authentication checks; the lack of input validation makes this vulnerability a genuine security risk that should be addressed.
9ea4edb6-8946-470e-9b12-4c7d88b787c4,Unvalidated Query Input,medium,open,/app/backend/src/controllers/taskController.ts,taskflow,This code fails to validate and sanitize query parameters adequately. Inadequate checks may lead to injection or exploitation risks; potentially leading to unauthorized database manipulation or resource exhaustion. Proper validation and sanitization of all user inputs is necessary to mitigate these risks.,The vulnerability stems from the use of query parameters without robust validation or sanitization. Without proper input validation; malicious users could potentially inject harmful content or unexpected values; leading to injection attacks or uncontrolled behavior in the application. This oversight exposes the endpoint to risks like SQL injection; code injection; or resource exhaustion; making it imperative to implement parameter sanitization and more stringent type checking for all provided user inputs.,143@@158,CWE-20,"8/8/2025, 3:01:22 PM",,False,The unsanitized query parameter from the searchTasks controller is directly used in constructing SQL queries via string interpolation in TaskModel.searchTasks; exposing the application to SQL injection attacks. This vulnerability is in a production controller and can be exploited without further safeguards. Therefore; the vulnerability remains a true issue and should be addressed.
29f46216-2548-4fec-9525-e860c47901e6,Unvalidated DeleteTask,medium,open,/app/backend/src/controllers/taskController.ts,taskflow,The deleteTask endpoint fails to validate the task ID obtained from the request; which means that attackers could supply malicious input leading to injection attacks or unintended actions. The conditional checks only verify existence and do not ensure proper sanitization; introducing risks related to data integrity and unauthorized data manipulation. It is crucial to enforce strict validation of inputs to mitigate potential security threats and ensure proper functioning of the API.,This code snippet demonstrates an unvalidated parameter issue in the deleteTask endpoint. The endpoint accepts a task ID from the URL via req.params without additional checks regarding its format or potential malicious content; which makes it vulnerable to injection attacks. Furthermore; the conditional checks only ensure the existence of a value; not its integrity or proper sanitization; which could lead to unintended actions such as deletion of data if a malformed or crafted ID is provided.  In addition; the lack of thorough input validation may allow attackers to bypass intended checks and potentially interact with the underlying database in unexpected ways. This vulnerability can lead to data integrity issues and possibly unauthorized data manipulation or deletion; thereby presenting a security risk that should be mitigated by implementing robust input validation and sanitization techniques.,105@@117,CWE-20,"8/8/2025, 3:01:22 PM",,False,The deleteTask endpoint passes an unvalidated task ID from req.params to the service layer without ensuring its format or integrity; making it susceptible to injection attacks. Basic existence checks are insufficient to prevent maliciously crafted inputs from exploiting the application; particularly in a production environment like TaskFlow. Thus; the vulnerability is genuine and should be addressed.
a64b94d8-7784-46d8-b1d7-d883206019c4,Sensitive Log Exposure,medium,open,/app/backend/src/middleware/audit.ts,taskflow,The vulnerability involves logging sensitive request data including potentially confidential request bodies for methods other than GET; which can expose sensitive information if accessed by unauthorized users. This could lead to significant implications for user privacy and overall system security. Mitigating this issue involves either not logging sensitive information or ensuring proper sanitization of inputs.,This vulnerability occurs because the audit middleware logs the request object; including the request body for non-GET requests. Because the request body can contain sensitive data such as passwords; tokens and personal information; storing this information in plaintext logs poses a significant security risk if those logs are accessed unauthorizedly. The breach of sensitive data violates the principle of least privilege and can lead to further exploitation if these logs are not properly secured or are accessed by malicious parties.  The logging mechanism fails to redact or mask sensitive information in non-GET requests. This design flaw not only increases the risk of data exposure but also widens the scope of possible attacks by combining generic log data with sensitive information. Addressing this should involve either not logging the request body for sensitive methods or ensuring that any logged data is adequately masked or encrypted to prevent unauthorized data disclosure.,23@@23,"CWE-200, CWE-532","8/8/2025, 3:00:31 PM",,False,The audit middleware logs unsanitized request bodies for non-GET requests. This design allows potentially sensitive data such as passwords or tokens to be logged in plaintext; which poses a security risk if log access is compromised. Since the file is part of production logic and directly handles user input; this vulnerability cannot be safely ignored and should be addressed by either sanitizing the logged data or avoiding logging sensitive information altogether.
5bbd9e08-fc9a-4b89-83f8-268d2d063b35,Dynamic SQL Injection,high,open,/app/backend/src/database/query.ts,taskflow,The dynamic interpolation of the table name into the SQL query without proper sanitization introduces a SQL injection vulnerability that attackers can exploit to execute arbitrary SQL commands. This issue can result in the unauthorized exposure; modification; or destruction of the database; making it a high priority vulnerability that requires immediate remediation. It is critical to avoid direct string interpolation in SQL queries; particularly with parameters that can be manipulated by users.,The vulnerability arises because the function directly interpolates the 'table' parameter into a SQL query without any proper sanitization or parameter binding. An attacker who can control the 'table' parameter may inject arbitrary SQL commands; which could lead to data leakage; data tampering; or even dropping database tables. This is classified as a SQL injection vulnerability CWE-89; which is a well-known and severe security risk due to the potential for significant data breaches or database corruption.,9@@11,CWE-89,"8/8/2025, 2:59:45 PM",,False,The vulnerability is real because the dynamic interpolation of the table name into SQL queries in functions like findById provides an opportunity for SQL injection if an attacker can control the input. There is no internal sanitization or whitelist mechanism present; and the file is part of the production database utilities; not just test or configuration code. Therefore; the risk cannot be safely ignored.
6e024a6e-e4fc-41fb-bbcf-abba023b2d23,Dynamic SQL Injection,high,open,/app/backend/src/database/query.ts,taskflow,The issue occurs due to the dynamic interpolation of table and column names in a SQL query; which can be exploited for SQL injection. Directly inserting these values into the SQL string without proper sanitization poses a regulatory risk and security vulnerability. Parameterized queries protect against value injection but do nothing against injection via table and column names as seen here. Therefore; this vulnerability is a significant risk that should be mitigated promptly.,The vulnerability exists because the table name and column names are embedded directly into the SQL query string without proper sanitization or validations. This creates a vulnerability of dynamic SQL injection where an attacker could manipulate the table or column names to inject malicious SQL code. Although the values are parameterized; direct interpolation of database object names leaves the query vulnerable to injection attacks. In environments where attacker-controlled data is passed into these parameters; the consequences can include data leakage or destructive operations on the database.,27@@40,CWE-89,"8/8/2025, 2:59:45 PM",,False,The vulnerability is not a false positive. The functions dynamically construct SQL queries by interpolating table names and column names without sanitization; which is a known risk for SQL injection CWE-89. Given that this file is part of the production backend for a live task management platform and might receive untrusted inputs; there is clear potential for exploitation. Stronger validation or whitelisting of database object names is recommended to mitigate this risk.
15bf6965-d06e-4c89-8aff-4b63df521976,Dynamic Table Injection,high,open,/app/backend/src/database/query.ts,taskflow,The vulnerability in 'findAll' is due to the dynamic interpolation of the table name into the SQL query; which can be manipulated for SQL injection. This flaw permits an attacker to inject arbitrary SQL commands. The risk is exacerbated by the function's likely exposure through external APIs.,The function 'findAll' constructs its SQL query dynamically by interpolating the 'table' parameter directly into the SQL string. This practice introduces a significant security risk; as an attacker could manipulate this parameter to inject malicious SQL commands. With the query being dynamically built; the attacker can potentially bypass data restrictions and execute arbitrary SQL commands; which may compromise the integrity; confidentiality; and availability of the database. Therefore; this presents a clear case of dynamic table SQL injection vulnerability.,19@@25,CWE-89,"8/8/2025, 2:59:45 PM",,False,The vulnerability is real because the findAll function directly interpolates an untrusted 'table' parameter into an SQL statement without sanitization; making it susceptible to SQL injection attacks. Given that this function is used in a production-level backend database module and no safeguards are apparent; the issue is genuine and should be addressed.
4dfb72cf-16c2-43dd-89bc-479325815c56,Dynamic SQL Injection,high,open,/app/backend/src/database/query.ts,taskflow,The function updateById erroneously builds SQL queries using unsanitized table and column names; allowing for SQL injection. This allows an attacker to inject arbitrary SQL code; bypassing any parameterization used for other parts of the query. As such; it presents a critical security risk requiring prompt remediation.,The updateById function is vulnerable to SQL injection because it directly interpolates the table name and column names into the SQL query without sanitization. Although the values passed are parameterized; this does not protect against SQL injection attacks when an attacker can control the table or column names. An attacker could manipulate the input to these parameters and inject arbitrary SQL code; potentially changing query logic; and executing destructive commands. This vulnerability is critical because SQL injection attacks can lead to severe data exposure or alteration of the database.,42@@56,CWE-89,"8/8/2025, 2:59:45 PM",,False,The updateById function builds SQL queries by directly interpolating user-controlled table and column names without sanitization. This creates a genuine risk of SQL injection; especially in production code where inputs might be influenced by attackers. Given that the function is part of the main database access module; the vulnerability is not a false positive and requires remediation.
70b8c067-7746-4416-90e8-b04185458b45,Dynamic SQL Injection,high,open,/app/backend/src/database/query.ts,taskflow,The vulnerability results from improper sanitization of the table parameter in a SQL query. An attacker can exploit this by injecting malicious SQL; which could lead to unauthorized data access or modification. Since the query dynamically constructs part of the SQL statement with unsanitized input; it creates a clear avenue for SQL injection attacks and must be remediated promptly to ensure database security.,The identified vulnerability is due to the dynamic interpolation of the table name into the SQL query; which can result in SQL injection if an attacker is able to control the input. By including the table parameter directly in the SQL string; the code fails to sanitize its input; making it susceptible to manipulation; such as retrieving data from unauthorized tables or executing unintended SQL commands. This risk is further exacerbated because traditional prepared statement mechanisms do not protect against injection in query parts that are not parameterized; such as identifiers. As a result; this creates an exploitable security issue with potential for significant damage if leveraged by an attacker.,63@@71,CWE-89,"8/8/2025, 2:59:45 PM",,False,The vulnerability is genuine because the dynamic SQL query construction is done without validating the table parameter. Although these functions may be used internally with predetermined table values; there is no built-in safeguard against using untrusted or malformed input; leaving the system exposed to potential SQL injection. The absence of sanitization or whitelisting; combined with the production context of a real platform TaskFlow; means that if user-input ever controls the table name; it could lead to critical security issues.
0c3d6789-61d7-415b-a7bc-22097ab51f0d,Dynamic Table SQL Injection,high,open,/app/backend/src/database/query.ts,taskflow,The function directly interpolates the table name into the SQL query; creating a high-severity SQL injection vulnerability. It leaves the function open to arbitrary SQL execution and could result in data loss or corruption if exploited. This unsafe practice should be mitigated immediately.,The deleteById function demonstrates a high-severity SQL injection vulnerability by directly interpolating the table name into the SQL query. This technique bypasses internal safeguards that apply to parameterized values; and when the table name is not properly sanitized; an attacker could inject malicious SQL. Such an injection could potentially lead to unauthorized data manipulation; deletion; or exfiltration; thereby compromising the database integrity and security.,58@@60,CWE-89,"8/8/2025, 2:59:45 PM",,False,The code employs direct string interpolation of the 'table' parameter without any sanitization or whitelisting; making it vulnerable to SQL injection if an attacker can influence this parameter. Given that this function is part of production code in a real-world application like TaskFlow; the risk of exploitation is high. The dataflow analysis confirms that untrusted input is used directly in the SQL query; and without further safeguards; the vulnerability poses a serious risk.
d460cd9d-a51a-455e-bca9-558ac1a863b3,Privilege Escalation,high,open,/app/backend/src/controllers/webhookController.ts,taskflow,The issue stems from a missing access control check on the project ID during webhook registration. Any authenticated user can manipulate projects they do not own by providing an arbitrary project ID; leading to a privilege escalation vulnerability. Such a flaw could be exploited to trigger malicious events and exfiltrate sensitive data.,The vulnerability is due to a lack of sufficient access control; allowing any authenticated user to register a webhook for any project by providing an arbitrary project ID. This oversight leads to privilege escalation since an attacker can trigger events on projects they do not own; which might allow them to exfiltrate data; inject malicious payloads; or disrupt services. The code performs basic input validation without checking for proper project ownership or authorization; introducing a significant security risk.,97@@110,CWE-284,"8/8/2025, 2:56:30 PM",,False,The vulnerability is legitimate because the registerWebhook function does not enforce access control to verify if the authenticated user owns the projectId provided in the request. This allows an attacker to potentially register webhooks for any project; leading to unauthorized actions; data exfiltration; or injection of malicious payloads. Given the production context of the TaskFlow platform; this is a true issue and not a false positive.
e6fe755b-1acd-4a2f-b36b-4523fc5989e5,Unauthorized Deletion,high,open,/app/backend/src/controllers/webhookController.ts,taskflow,This vulnerability allows an authenticated user to delete webhooks from projects they do not own because there is no authorization check against the provided projectId. The code snippet only performs basic validation of required parameters without verifying ownership. As a result; attackers can exploit this flaw to remove critical monitoring integrations; posing a significant security risk.,The vulnerability arises because the removeWebhook function does not verify if the user has permission to delete the webhook associated with the projectId provided in the request. Although the code validates that both a projectId and URL are provided; it lacks an essential authorization check to ensure that the requesting user is authorized to modify the project. This oversight means that even a user with valid authentication can potentially delete webhooks for any project; allowing an attacker to disrupt integrations and data flows by removing legitimate webhooks from projects they do not own.  The impact of this vulnerability is significant because it enables unauthorized access to critical system configurations. By exploiting this issue; an attacker could remove crucial monitoring and notification endpoints; leading to further security risks and operational challenges. Proper authorization checks are crucial to ensure that users can only operate on resources they are permitted to access; thereby preventing such unauthorized deletions.,179@@184,CWE-284,"8/8/2025, 2:56:30 PM",,False,The vulnerability is not a false positive. The removeWebhook function in the production controller validates the presence of required parameters but lacks an essential authorization check; so any authenticated user can remove webhooks from projects they do not own. This flaw poses a significant security risk in a production environment; and there are no compensating controls that mitigate its impact.
b5f2e3e3-3c43-4e85-a617-41bbe04c6ff0,SSRF via webhook,high,open,/app/backend/src/controllers/webhookController.ts,taskflow,The endpoint vulnerable to SSRF only verifies that the URL is syntactically correct and does not restrict potentially harmful schemes or domains. Consequently; it opens up avenues for exploitation such as accessing internal services via crafted URLs. The risk is heightened as an attacker could directly target internal APIs; leading to significant security breaches.,The vulnerability lies within the 'sendTestWebhook' endpoint which sanitizes a user-supplied URL by merely checking its syntactic correctness using 'new URLurl'. This validation does not ensure the URL uses safe schemes or belongs to permitted domains. As a result; attackers can furnish URLs that target internal network resources such as internal APIs or metadata services; thereby potentially enabling server-side request forgery SSRF. This oversight may allow the attacker to trigger internal communications or access sensitive internal networks; thereby leading to data exfiltration or internal reconnaissance. Due to this lack of proper URL validation and restriction; the risk is considered high.,68@@71,CWE-918,"8/8/2025, 2:56:30 PM",,False,The SSRF vulnerability in the sendTestWebhook endpoint is valid because the URL is only syntactically validated using the URL constructor; without enforcing safe URL schemes or whitelisting domains. While the endpoint requires authentication; this does not eliminate the risk of a malicious actor with valid credentials exploiting the issue to access internal resources. The absence of further validation in the outgoing webhook process confirms that this vulnerability is indeed exploitable.
9df724c5-a687-4b3c-a950-a5f942e12c69,Unauthorized Retrieval,high,open,/app/backend/src/controllers/webhookController.ts,taskflow,This issue is due to a missing authorization check in the getWebhooks endpoint. The code only validates the presence of the projectId but does not verify if the authenticated user has permissions to access the respective project. As a result; attackers can potentially access sensitive webhook information from projects they do not own.,The vulnerability arises because the endpoint; which is intended to retrieve webhooks for a specified project; checks only for the presence of the projectId parameter and does not verify whether the requesting user is authorized to access the specified project. This flaw constitutes a missing authorization check; meaning that while authentication is enforced; authorization is overlooked. It allows an attacker to enumerate or access webhooks from any project by manipulating the projectId in the URL. Thus; sensitive webhook data might be exposed or manipulated by unauthorized users.,152@@156,CWE-284,"8/8/2025, 2:56:30 PM",,False,The vulnerability is the result of a missing authorization check in the getWebhooks endpoint; where the projectId parameter is directly used to retrieve webhook data without verifying if the authenticated user has permissions to access that project. This flaw; confirmed by the absence of any authorization logic in the code and the production context of TaskFlow; means that unauthorized users could potentially access sensitive webhook data. The evidence supports the identification of this as a true security vulnerability.
7ba8d009-ee1a-46e3-942f-79250b0e6f98,Hardcoded DB Creds,high,open,/app/backend/src/database/connection.ts,taskflow,The application uses hard‑coded default database credentials which may be used by an attacker to gain unauthorized access to the database. The use of default credentials exposes the system to brute force or credential stuffing attacks. This vulnerability must be addressed to secure the data layer.,This vulnerability arises from the use of hard-coded default database credentials within the configuration of the database connection pool. With the default username 'taskflowuser' and password 'taskflowpass'; if the relevant environment variables are not set; the application defaults to using these insecure credentials. This not only exposes the credentials in the source code; but also provides an attacker with a clear target for unauthorized access. Additionally; attackers may exploit this issue through brute force or credential stuffing attacks; especially in cases where these defaults remain unchanged; ultimately compromising the security of the database and the entire application.,4@@9,CWE-798,"8/8/2025, 2:55:16 PM",,False,The analysis indicates that the file utilizes hardcoded default credentials for the database connection; and these defaults are used if the corresponding environment variables are not set. This code is part of the production module and poses a real security risk if not properly configured in a production environment. The vulnerability is confirmed as the default credentials are susceptible to exploitation through brute force or credential stuffing attacks; and therefore; the issue cannot be considered a false positive or safely ignored.
e48a73d5-132b-437c-85ec-6ed72f18d6d9,Unvalidated Input,medium,open,/app/backend/src/controllers/commentController.ts,taskflow,The unvalidated input from the request creates potential injection risks. The code directly accepts data without any form of sanitization or type checking. This can lead to injection attacks and other unintended behaviors; making this a significant security concern that must be addressed.,The code accepts data directly from the request req.body without any validation or sanitization. This vulnerability opens multiple injection vectors; notably if the downstream service conducts operations such as raw SQL queries or template rendering using the unsanitized data. Additionally; permitting non-string and potentially malicious values can lead to unexpected behavior or even service disruption. As there is no type checking or input validation; an attacker could easily provide data that could manipulate queries; inject scripts; or otherwise exploit the system.,12@@22,CWE-20,"8/8/2025, 2:54:22 PM",,False,The provided code in the comment controller directly accepts and forwards user input without performing sanitization or detailed validation. Although some checks are present like ensuring the presence of mandatory fields; no thorough sanitization is applied; leaving the door open for injection attacks or malformed input to propagate if not handled elsewhere. Given the production context and dataflow from the controller to the service layer; this issue is not a false positive and should be addressed.
c6f25f6d-761e-417f-bd6e-1722ae4e56f8,Oversized Input,medium,open,/app/backend/src/controllers/commentController.ts,taskflow,This issue indicates that the input 'content' does not enforce any size restrictions; allowing for potential resource exhaustion. The absence of length validation enables an attacker to submit a large payload intended to deplete server resources; leading to a denial-of-service condition. It is important that input sizes are validated to prevent attackers from exhausting server resources.,This code does not validate the size or length of the content input; opening it up to resource exhaustion. An attacker could submit an extremely large payload which would force the server to allocate excessive memory or CPU resources; potentially causing a denial-of-service condition. The attack relies on runtime input size and the lack of proper checks; which is why this vulnerability might be missed by static analysis tools that do not evaluate input length properly.,12@@22,CWE-400,"8/8/2025, 2:54:22 PM",,False,There is no input size validation for the 'content' parameter in the createComment endpoint; and the payload is directly passed to the service layer. Although global middleware might provide some restrictions; the absence of explicit checks in production code leaves the endpoint susceptible to denial-of-service attacks via resource exhaustion. Hence; this vulnerability should not be considered a false positive.
ab96f1aa-429b-4c1e-9a72-953c69733796,Header Injection,high,open,/app/backend/src/controllers/fileController.ts,taskflow,The vulnerability allows an attacker to perform header injection by exploiting unsanitized file names. The dynamic header construction without validation can facilitate HTTP response splitting and various downstream attacks. This is a significant risk that can lead to cross-site scripting and other security breaches.,The issue arises because the Content-Disposition header is dynamically created using user-controlled input without sanitization. In this case; the original file name is directly interpolated into the header; allowing an attacker to inject malicious characters. This can lead to header injection attacks such as HTTP response splitting; enabling further exploits like XSS or cache poisoning. The vulnerability is particularly dangerous because it circumvents proper validation mechanisms; allowing an attacker to execute downstream attacks that can compromise the integrity and security of the response; potentially affecting users who download files from the application.,95@@97,CWE-113,"8/8/2025, 2:54:22 PM",,False,The vulnerability is genuine. The file’s original name provided by the user is directly included in the Content-Disposition header without sanitization; enabling header injection attacks like HTTP response splitting. This issue is present in production code and poses real risks; and there is no countermeasure in place. Therefore; it should not be considered a false positive.
15b35dfb-c267-4ad5-a3d4-a690dcd98f79,Prompt Injection,high,open,/app/backend/src/controllers/aiController.ts,taskflow,The endpoint processes user and task data in an unsafe manner by directly feeding unsanitized task IDs and descriptions into the AI service. This may allow attackers to manipulate the prompt; potentially leading to unauthorized data exposure and prompt injection. The vulnerability is significant because it bypasses strict data ownership verification and sanitization; posing serious risks to data security and application integrity.,This vulnerability occurs due to the endpoint passing both the task ID and task description from the TaskModel directly to an AI service without proper sanitization. The lack of input sanitization and ownership verification allows an attacker to supply a crafted ID; which could manipulate the prompt or data being passed to the AI. This leads to a potential prompt injection scenario where unauthorized data exposure is a risk; causing significant security concerns.  The issue is compounded by insufficient access control; as the function only checks for the presence of userId and task ID rather than asserting who the user is or if they have permission to access the specified task. Moreover; logging sensitive information such as AI summaries can add to the risk of data leakage; especially if the logging mechanism is not secured properly. Overall; this problem undermines the integrity and security of task processing in the application; thereby elevating the risk level of the vulnerability.,89@@106,CWE-200,"8/8/2025, 2:54:18 PM",,False,The analysis confirms that the vulnerability is genuine. The endpoint in question lacks proper sanitization and ownership verification for the task ID; which is directly passed to the AI service along with associated sensitive task information. This design flaw allows for prompt injection and potential unauthorized data exposure; making it a valid high-risk vulnerability in a production environment.
af3a77d5-e6ad-4e3e-8ec7-358c562e6ba6,Prompt Injection Risk,high,open,/app/backend/src/controllers/aiController.ts,taskflow,The vulnerability in generateProjectDescription is due to unvalidated and unsanitized projectName and keywords being sent to the AI service. This can lead to prompt injection where attackers manipulate the AI's instructions. It is a high risk issue that can compromise the application's integrity and confidentiality.,This issue occurs in the generateProjectDescription function where unvalidated input parameters projectName and keywords are directly passed to an AI service without proper sanitization. By not sanitizing the inputs; the endpoint is vulnerable to prompt injection attacks; where an attacker might inject malicious instructions to manipulate the AI's behavior or cause it to reveal sensitive information. The vulnerability risks not only the integrity of the generated output but may also compromise data confidentiality and system behavior. Given the nature of the vulnerability; it is important to implement robust input validation and sanitization to prevent such prompt injection scenarios.,63@@87,CWE-200,"8/8/2025, 2:54:18 PM",,False,After thorough analysis; the vulnerability in generateProjectDescription is not a false positive. The function only checks for basic type conditions; and does not sanitize the input further; leaving it open to prompt injection attacks. Considering that this code is part of production controllers in a high-impact; real-world task management platform TaskFlow; an attacker’s ability to manipulate the input could compromise the intended AI service behavior; making this a genuine security concern.
d460da69-5f02-4750-b9a6-fb736397928a,Prompt Injection Risk,high,open,/app/backend/src/controllers/aiController.ts,taskflow,The vulnerability occurs because the generateTaskSuggestions endpoint does not sanitize user input before passing it to the AI service. This could allow attackers to manipulate the AI's output; leading to the generation of harmful or unauthorized content. Immediate measures should be taken to implement proper input validation and sanitization to neutralize this threat.,This issue highlights a critical vulnerability related to prompt injection where the user-provided description is forwarded directly to the AI service without sanitization. The endpoint generates task suggestions based on an externally controlled input; which can lead to malicious instructions or content being generated by the AI. This vulnerability could be exploited for data exfiltration or to induce the AI into generating harmful or policy-violating outputs. The lack of input validation and sanitization; coupled with a reliance on user-supplied data in generating AI outputs; makes this a high-risk issue that needs to be addressed promptly.,41@@61,CWE-200,"8/8/2025, 2:54:17 PM",,False,The unsanitized user-supplied 'description' in the generateTaskSuggestions endpoint is directly passed to the AI service; making it susceptible to prompt injection attacks. Given that this code is part of a production feature in a task management platform and no sanitization or validation is implemented for the description input; the risk is genuine. This vulnerability could potentially allow an attacker to manipulate the AI’s output; leading to harmful content generation; and therefore should be addressed.
1ca8dd58-9b34-4fe5-ba1a-61d5fa3cd33b,Prompt Injection,high,open,/app/backend/src/controllers/aiController.ts,taskflow,The endpoint takes user messages directly and forwards them to the AI service without enforcing a stricter format or sanitizing the content; making it vulnerable to prompt injection. An attacker could craft messages that manipulate the AI’s behavior; potentially leading to instruction overrides; data exfiltration; or execution of malicious operations. This security gap could have serious implications due to the wide-reaching capabilities and integrations of the AI system.,This issue occurs because the chatCompletion endpoint takes a user-provided messages array and passes these messages directly to an AI service. Although basic validations for message existence; structure; and role values exist; there is insufficient sanitization or enforcement of system-level instructions. This could allow an attacker to inject malicious instructions into the messages; leading to prompt injection. The lack of robust input sanitization or additional checks to enforce a system prompt creates an attack vector that could be exploited to alter the behavior of the AI service; potentially resulting in data leakage or unintended actions. The vulnerability is particularly severe given the broad capabilities of the AI service; with the potential for significant adverse impacts including unauthorized access to data and unexpected command execution in downstream systems.,7@@39,CWE-200,"8/8/2025, 2:54:17 PM",,False,The vulnerability is genuine because the endpoint does not perform robust sanitization on the user-controlled 'messages' array and directly passes this data to the AI service. This behavior opens up a potential for prompt injection where an attacker could craft malicious messages even within the allowed roles to alter the behavior of the AI; potentially leading to data leakage or unintended command execution. Given that this code resides in a production controller within the TaskFlow platform; the risk is significant and cannot be safely ignored.
9341d856-2368-4228-a3fa-bc7ddeac68f9,Prompt Injection Risk,high,open,/app/backend/src/controllers/aiController.ts,taskflow,The meeting content is forwarded to the AI service without sanitization; which can enable prompt injection. This oversight may lead to the generation of malicious content or exposure of sensitive information through the AI service; making it a significant security risk. The risk arises from the failure to sanitize user input before interacting with the AI component.,The examined function generateMeetingNotes takes user-supplied meeting content and passes it to an AI service to generate meeting notes. Although there are validation checks for content length and type; there is no sanitization of the provided content. This leaves the function vulnerable to prompt injection; in which an attacker can embed malicious commands or instructions into the content. The absence of proper sanitization could lead to the AI service generating disallowed output or inadvertently leaking sensitive information. Therefore; the issue also relates to information exposure as sensitive details may be improperly handled by the AI service.,108@@136,CWE-200,"8/8/2025, 2:54:17 PM",,False,The analysis confirms the vulnerability is not a false positive. Despite basic validations; the unsanitized user input creates a risk of prompt injection when passed directly to the AI service. Given that this function is production code and the input flows directly into a critical AI component without sanitization; the risk is exploitable and should be addressed.
343a3626-d312-40bd-ac58-5f56f2e93854,Log Sensitive Data,high,open,/app/backend/src/controllers/authController.ts,taskflow,Logging user credentials in plaintext logs exposes sensitive data to unauthorized parties. This greatly increases the risk of credential theft and account compromise. Mitigation requires ensuring that sensitive information is never logged.,The issue arises because the application logs the entire request body; including sensitive information such as user credentials; in plaintext. Logging sensitive information like passwords in plaintext creates a significant risk; as logs are accessible by various system operators; developers; and can be exposed in case of breaches. This logging practice directly violates security best practices and increases the attack surface for potential adversaries who might have access to these logs; resulting in credential theft and system compromise.,45@@45,CWE-532,"8/8/2025, 2:53:58 PM",,False,The vulnerability is valid because the login function logs sensitive information indiscriminately by logging the complete request body; including user credentials like passwords. This is a high-impact issue in a production authentication context and directly violates common security best practices e.g.; CWE-532; creating an exploitable path for potential attackers. Therefore; this issue cannot be dismissed as a false positive.
